Date,Symbol,Open,High,Low,Close,Volume
2023-05-26,NIFTY50,18000.0,18498.1,17872.15,18386.09,1240376
2023-05-29,NIFTY50,18386.09,18635.37,18258.13,18548.84,1141553
2023-05-30,NIFTY50,18548.84,18706.43,18272.36,18428.31,1196728
2023-05-31,NIFTY50,18428.31,18449.02,17835.07,18005.65,1202689
2023-06-01,NIFTY50,18005.65,18048.85,17945.45,18003.68,874972
2023-06-02,NIFTY50,18003.68,18025.94,17439.3,17470.64,858680
2023-06-05,NIFTY50,17470.64,17564.1,17247.58,17301.91,1076570
2023-06-06,NIFTY50,17301.91,17424.49,17012.46,17097.9,995402
2023-06-07,NIFTY50,17097.9,17179.83,17057.43,17116.59,945930
2023-06-08,NIFTY50,17116.59,17216.34,16883.54,16972.62,904715
2023-06-09,NIFTY50,16972.62,17376.51,16892.38,17366.27,1221428
2023-06-12,NIFTY50,17366.27,17507.92,16766.77,16883.17,768642
2023-06-13,NIFTY50,16883.17,17263.23,16874.52,17203.94,1024510
2023-06-14,NIFTY50,17203.94,17394.4,17124.37,17337.87,921422
2023-06-15,NIFTY50,17337.87,17417.52,16842.69,17010.55,1075961
2023-06-16,NIFTY50,17010.55,17035.13,16779.67,16874.18,1295318
2023-06-19,NIFTY50,16874.18,16912.96,16654.64,16745.36,1352426
2023-06-20,NIFTY50,16745.36,16898.15,16613.45,16665.97,454413
2023-06-21,NIFTY50,16665.97,16773.62,16045.34,16053.95,955114
2023-06-22,NIFTY50,16053.95,16100.01,15854.82,15930.42,879979
2023-06-23,NIFTY50,15930.42,16144.16,15806.09,16031.59,544152
2023-06-26,NIFTY50,16031.59,16092.48,15897.89,16080.84,680974
2023-06-27,NIFTY50,16080.84,16084.15,15643.23,15778.67,1111648
2023-06-28,NIFTY50,15778.67,15839.22,15476.9,15558.43,970551
2023-06-29,NIFTY50,15558.43,15757.46,15542.97,15636.39,939888
2023-06-30,NIFTY50,15636.39,15723.97,15546.41,15577.96,744955
2023-07-03,NIFTY50,15577.96,15706.8,15248.84,15337.3,790917
2023-07-04,NIFTY50,15337.3,15476.29,15067.53,15141.92,771938
2023-07-05,NIFTY50,15141.92,15503.03,15058.34,15358.47,1034365
2023-07-06,NIFTY50,15358.47,15561.62,15304.12,15512.03,701098
2023-07-07,NIFTY50,15512.03,15605.07,15284.52,15407.2,1080063
2023-07-10,NIFTY50,15407.2,15448.46,15176.31,15177.65,866542
2023-07-11,NIFTY50,15177.65,15190.22,15114.41,15158.34,1090305
2023-07-12,NIFTY50,15158.34,15172.14,14975.91,15089.03,1179285
2023-07-13,NIFTY50,15089.03,15134.12,14721.94,14815.0,970907
2023-07-14,NIFTY50,14815.0,15359.89,14774.38,15332.5,1074210
2023-07-17,NIFTY50,15332.5,15615.62,15184.64,15562.26,656890
2023-07-18,NIFTY50,15562.26,15643.13,15402.11,15554.78,1317609
2023-07-19,NIFTY50,15554.78,15585.33,15111.9,15132.99,1066189
2023-07-20,NIFTY50,15132.99,15205.0,14855.08,14992.98,794140
2023-07-21,NIFTY50,14992.98,15135.76,14924.17,15131.37,1306767
2023-07-24,NIFTY50,15131.37,15198.96,14750.56,14871.79,1069391
2023-07-25,NIFTY50,14871.79,15006.26,14856.42,14951.88,1030829
2023-07-26,NIFTY50,14951.88,15175.9,14904.63,15140.21,1322829
2023-07-27,NIFTY50,15140.21,15143.9,14742.03,14749.06,1068517
2023-07-28,NIFTY50,14749.06,14815.44,14649.17,14733.98,1358785
2023-07-31,NIFTY50,14733.98,15053.55,14634.02,14941.32,770521
2023-08-01,NIFTY50,14941.32,15017.36,14613.25,14670.52,786137
2023-08-02,NIFTY50,14670.52,14967.1,14544.28,14867.11,982895
2023-08-03,NIFTY50,14867.11,15191.43,14770.53,15079.48,979573
2023-08-04,NIFTY50,15079.48,15166.86,14999.6,15021.46,997466
2023-08-07,NIFTY50,15021.46,15278.09,14910.19,15189.59,846569
2023-08-08,NIFTY50,15189.59,15257.73,14686.38,14808.5,901002
2023-08-09,NIFTY50,14808.5,15139.89,14747.54,15035.75,1190250
2023-08-10,NIFTY50,15035.75,15169.14,14882.96,14997.4,1313578
2023-08-11,NIFTY50,14997.4,15046.45,14674.96,14744.27,741228
2023-08-14,NIFTY50,14744.27,14878.87,14599.28,14834.61,1132228
2023-08-15,NIFTY50,14834.61,14974.58,14797.51,14961.66,887661
2023-08-16,NIFTY50,14961.66,15097.26,14628.72,14722.77,1131865
2023-08-17,NIFTY50,14722.77,14727.12,14222.65,14307.91,603508
2023-08-18,NIFTY50,14307.91,14381.7,13982.52,14020.54,910507
2023-08-21,NIFTY50,14020.54,14098.67,13688.74,13721.46,1027188
2023-08-22,NIFTY50,13721.46,14102.78,13587.77,13997.86,1219159
2023-08-23,NIFTY50,13997.86,14072.87,13994.51,14050.63,933207
2023-08-24,NIFTY50,14050.63,14097.89,13915.0,14038.63,965196
2023-08-25,NIFTY50,14038.63,14458.84,13996.42,14382.56,1026401
2023-08-28,NIFTY50,14382.56,14481.97,14248.56,14285.85,947969
2023-08-29,NIFTY50,14285.85,14364.49,14136.02,14181.29,1126869
2023-08-30,NIFTY50,14181.29,14183.24,13636.08,13715.58,1038009
2023-08-31,NIFTY50,13715.58,13839.5,13641.63,13805.69,1169289
2023-09-01,NIFTY50,13805.69,13880.55,13612.88,13730.97,744823
2023-09-04,NIFTY50,13730.97,13963.68,13688.71,13938.71,944612
2023-09-05,NIFTY50,13938.71,14075.55,13707.6,13810.89,1312626
2023-09-06,NIFTY50,13810.89,13970.98,13798.16,13884.93,1314442
2023-09-07,NIFTY50,13884.93,13891.84,13545.31,13670.42,1098086
2023-09-08,NIFTY50,13670.42,13733.48,13553.8,13660.9,1026945
2023-09-11,NIFTY50,13660.9,13686.35,13460.07,13591.38,1114681
2023-09-12,NIFTY50,13591.38,13697.01,13499.7,13677.9,997880
2023-09-13,NIFTY50,13677.9,13724.32,13497.54,13523.34,792818
2023-09-14,NIFTY50,13523.34,13650.79,13345.21,13350.68,933265
2023-09-15,NIFTY50,13350.68,13585.02,13339.05,13518.26,932418
2023-09-18,NIFTY50,13518.26,13869.58,13454.74,13833.56,988223
2023-09-19,NIFTY50,13833.56,14030.29,13713.91,14024.41,852739
2023-09-20,NIFTY50,14024.41,14148.9,13906.48,13912.72,939784
2023-09-21,NIFTY50,13912.72,13982.86,13747.34,13784.67,601985
2023-09-22,NIFTY50,13784.67,14041.31,13686.53,13993.93,1203782
2023-09-25,NIFTY50,13993.93,14022.35,13703.41,13825.03,1237273
2023-09-26,NIFTY50,13825.03,14208.08,13773.37,14086.38,603732
2023-09-27,NIFTY50,14086.38,14126.75,13921.52,13991.76,760879
2023-09-28,NIFTY50,13991.76,14111.98,13886.86,14075.7,880054
2023-09-29,NIFTY50,14075.7,14111.51,13714.33,13743.45,612790
2023-10-02,NIFTY50,13743.45,13787.98,13634.89,13702.93,1273139
2023-10-03,NIFTY50,13702.93,13754.99,13624.97,13693.76,744032
2023-10-04,NIFTY50,13693.76,13695.17,13195.38,13316.13,805820
2023-10-05,NIFTY50,13316.13,13340.74,13105.2,13216.07,959547
2023-10-06,NIFTY50,13216.07,13359.88,13104.85,13229.51,972660
2023-10-09,NIFTY50,13229.51,13474.85,13216.07,13474.21,902536
2023-10-10,NIFTY50,13474.21,13591.55,13369.59,13452.97,978770
2023-10-11,NIFTY50,13452.97,13467.37,13180.27,13289.92,1261206
2023-10-12,NIFTY50,13289.92,13293.08,12958.95,13049.15,882340
2023-10-13,NIFTY50,13049.15,13222.77,12923.72,13111.72,1273939
2023-10-16,NIFTY50,13111.72,13205.53,12878.81,13001.47,931081
2023-10-17,NIFTY50,13001.47,13051.75,12615.34,12662.22,685652
2023-10-18,NIFTY50,12662.22,12822.51,12607.7,12758.92,946066
2023-10-19,NIFTY50,12758.92,12803.42,12661.92,12663.85,1227493
2023-10-20,NIFTY50,12663.85,13064.23,12636.43,12985.81,1056984
2023-10-23,NIFTY50,12985.81,13020.03,12730.88,12738.92,628303
2023-10-24,NIFTY50,12738.92,12829.19,12679.12,12802.0,567655
2023-10-25,NIFTY50,12802.0,13267.92,12692.45,13137.75,840576
2023-10-26,NIFTY50,13137.75,13480.95,13044.15,13348.41,823562
2023-10-27,NIFTY50,13348.41,13620.11,13219.14,13545.59,762713
2023-10-30,NIFTY50,13545.59,13546.14,13233.92,13322.83,858082
2023-10-31,NIFTY50,13322.83,13349.11,13272.72,13310.75,1473203
2023-11-01,NIFTY50,13310.75,13376.44,13201.38,13278.66,1001260
2023-11-02,NIFTY50,13278.66,13343.64,12908.56,13023.3,1119976
2023-11-03,NIFTY50,13023.3,13046.46,12951.04,13030.03,1104079
2023-11-06,NIFTY50,13030.03,13130.2,12866.82,12885.08,1144630
2023-11-07,NIFTY50,12885.08,13288.17,12768.63,13175.36,986509
2023-11-08,NIFTY50,13175.36,13469.25,13094.52,13383.65,1319715
2023-11-09,NIFTY50,13383.65,13543.89,13300.76,13478.83,997308
2023-11-10,NIFTY50,13478.83,13660.97,13473.37,13643.96,914086
2023-11-13,NIFTY50,13643.96,13804.22,13562.47,13746.48,1100778
2023-11-14,NIFTY50,13746.48,13867.81,13584.74,13648.56,1221819
2023-11-15,NIFTY50,13648.56,13677.21,13562.8,13564.6,1184368
2023-11-16,NIFTY50,13564.6,13625.39,13385.77,13512.2,512301
2023-11-17,NIFTY50,13512.2,13550.79,13131.99,13229.46,567288
2023-11-20,NIFTY50,13229.46,13291.45,12921.96,13028.27,669648
2023-11-21,NIFTY50,13028.27,13241.85,12958.02,13111.3,1148333
2023-11-22,NIFTY50,13111.3,13142.51,12983.29,12994.76,1402531
2023-11-23,NIFTY50,12994.76,13492.59,12871.51,13386.45,1030515
2023-11-24,NIFTY50,13386.45,13456.32,13220.77,13341.39,711123
2023-11-27,NIFTY50,13341.39,13442.4,13236.15,13389.72,744763
2023-11-28,NIFTY50,13389.72,13767.75,13368.21,13687.23,1095585
2023-11-29,NIFTY50,13687.23,13822.87,13183.3,13234.84,1197665
2023-11-30,NIFTY50,13234.84,13316.56,13006.9,13069.97,871812
2023-12-01,NIFTY50,13069.97,13232.85,12972.94,13115.31,1246507
2023-12-04,NIFTY50,13115.31,13167.49,12812.53,12920.64,1119990
2023-12-05,NIFTY50,12920.64,13096.15,12891.92,13045.61,1269547
2023-12-06,NIFTY50,13045.61,13209.91,13015.8,13091.71,1072538
2023-12-07,NIFTY50,13091.71,13105.52,12889.21,13010.32,1168474
2023-12-08,NIFTY50,13010.32,13553.18,12960.35,13482.65,976340
2023-12-11,NIFTY50,13482.65,13531.17,13122.98,13202.95,1229939
2023-12-12,NIFTY50,13202.95,13317.29,12864.81,12947.95,1074810
2023-12-13,NIFTY50,12947.95,12995.57,12599.6,12624.36,1265851
2023-12-14,NIFTY50,12624.36,12860.46,12624.13,12734.49,876551
2023-12-15,NIFTY50,12734.49,12908.78,12624.39,12865.42,1043485
2023-12-18,NIFTY50,12865.42,12868.81,12624.78,12656.54,1018246
2023-12-19,NIFTY50,12656.54,12685.93,12565.86,12624.76,1209028
2023-12-20,NIFTY50,12624.76,12711.27,12190.12,12277.58,1390449
2023-12-21,NIFTY50,12277.58,12347.44,12251.33,12347.38,821337
2023-12-22,NIFTY50,12347.38,12411.06,12230.24,12400.45,744129
2023-12-25,NIFTY50,12400.45,12744.25,12335.32,12678.82,905090
2023-12-26,NIFTY50,12678.82,12697.52,12458.29,12518.3,1198087
2023-12-27,NIFTY50,12518.3,12596.49,12397.23,12416.53,1171830
2023-12-28,NIFTY50,12416.53,12437.57,12312.69,12316.84,1070457
2023-12-29,NIFTY50,12316.84,12458.94,12213.97,12394.05,977122
2024-01-01,NIFTY50,12394.05,12452.02,12303.82,12417.38,998728
2024-01-02,NIFTY50,12417.38,12445.26,12411.12,12418.43,1312533
2024-01-03,NIFTY50,12418.43,12762.27,12413.16,12661.75,1041097
2024-01-04,NIFTY50,12661.75,12764.84,12483.27,12493.52,825225
2024-01-05,NIFTY50,12493.52,12727.29,12459.31,12680.99,1154703
2024-01-08,NIFTY50,12680.99,12933.54,12663.04,12842.68,897483
2024-01-09,NIFTY50,12842.68,12852.93,12829.46,12840.1,1056186
2024-01-10,NIFTY50,12840.1,12955.12,12431.26,12543.92,588118
2024-01-11,NIFTY50,12543.92,12609.03,12477.74,12566.5,1113804
2024-01-12,NIFTY50,12566.5,12705.78,12451.07,12598.14,1141155
2024-01-15,NIFTY50,12598.14,12855.7,12587.07,12841.82,1105134
2024-01-16,NIFTY50,12841.82,12959.34,12747.45,12923.9,1226195
2024-01-17,NIFTY50,12923.9,12925.87,12789.59,12814.49,1073520
2024-01-18,NIFTY50,12814.49,13335.33,12727.1,13276.64,785727
2024-01-19,NIFTY50,13276.64,13347.21,12984.8,13017.2,935959
2024-01-22,NIFTY50,13017.2,13142.36,12985.17,13004.99,1088417
2024-01-23,NIFTY50,13004.99,13032.85,12840.06,12948.17,1398133
2024-01-24,NIFTY50,12948.17,13193.69,12842.74,13119.86,752816
2024-01-25,NIFTY50,13119.86,13157.48,13057.75,13119.8,1287780
2024-01-26,NIFTY50,13119.8,13228.83,12947.71,13064.35,894162
2024-01-29,NIFTY50,13064.35,13211.97,12935.04,13131.86,872949
2024-01-30,NIFTY50,13131.86,13205.27,13080.36,13106.63,881569
2024-01-31,NIFTY50,13106.63,13113.61,12830.57,12922.12,923116
2024-02-01,NIFTY50,12922.12,13076.21,12899.66,12982.61,1273457
2024-02-02,NIFTY50,12982.61,13203.23,12895.61,13098.17,1398515
2024-02-05,NIFTY50,13098.17,13264.65,12970.3,13238.25,1244952
2024-02-06,NIFTY50,13238.25,13278.37,12787.84,12862.82,1098486
2024-02-07,NIFTY50,12862.82,13021.88,12796.19,12973.52,906451
2024-02-08,NIFTY50,12973.52,12985.41,12813.34,12934.47,995095
2024-02-09,NIFTY50,12934.47,13028.51,12763.99,12839.07,1205096
2024-02-12,NIFTY50,12839.07,12938.4,12672.87,12788.52,1482206
2024-02-13,NIFTY50,12788.52,12866.98,12730.6,12778.94,1223076
2024-02-14,NIFTY50,12778.94,12985.13,12756.38,12970.7,1049448
2024-02-15,NIFTY50,12970.7,13067.15,12910.34,12989.6,1021517
2024-02-16,NIFTY50,12989.6,13226.75,12920.3,13170.37,1431630
2024-02-19,NIFTY50,13170.37,13745.53,13095.4,13684.66,967296
2024-02-20,NIFTY50,13684.66,13867.52,13562.53,13827.32,923836
2024-02-21,NIFTY50,13827.32,14171.06,13801.71,14147.86,813271
2024-02-22,NIFTY50,14147.86,14249.18,14093.26,14224.4,991694
2024-02-23,NIFTY50,14224.4,14349.9,14011.04,14081.35,1031846
2024-02-26,NIFTY50,14081.35,14215.18,14040.36,14201.63,704634
2024-02-27,NIFTY50,14201.63,14302.35,13979.29,13988.06,879110
2024-02-28,NIFTY50,13988.06,14178.06,13984.71,14091.03,840874
2024-02-29,NIFTY50,14091.03,14132.25,13768.25,13853.06,935417
2024-03-01,NIFTY50,13853.06,13916.15,13850.53,13854.55,751375
2024-03-04,NIFTY50,13854.55,13918.34,13712.87,13716.68,1066936
2024-03-05,NIFTY50,13716.68,13881.74,13595.6,13848.32,1172775
2024-03-06,NIFTY50,13848.32,13926.47,13836.82,13875.56,746375
2024-03-07,NIFTY50,13875.56,13946.53,13836.86,13848.49,1260915
2024-03-08,NIFTY50,13848.49,14269.87,13710.82,14269.29,887255
2024-03-11,NIFTY50,14269.29,14391.88,14243.2,14364.56,1185572
2024-03-12,NIFTY50,14364.56,14548.62,14330.97,14429.2,1161098
2024-03-13,NIFTY50,14429.2,14448.83,14151.25,14243.84,604045
2024-03-14,NIFTY50,14243.84,14319.94,14156.57,14240.89,814549
2024-03-15,NIFTY50,14240.89,14478.28,14132.44,14409.08,959934
2024-03-18,NIFTY50,14409.08,14490.5,14232.56,14354.08,1049211
2024-03-19,NIFTY50,14354.08,14591.13,14250.01,14565.15,1099067
2024-03-20,NIFTY50,14565.15,14703.32,14406.95,14472.98,1109064
2024-03-21,NIFTY50,14472.98,14823.26,14436.94,14700.84,1126583
2024-03-22,NIFTY50,14700.84,14835.0,14560.82,14732.26,1016886
2024-03-25,NIFTY50,14732.26,14796.55,14129.99,14264.04,706077
2024-03-26,NIFTY50,14264.04,14418.42,14263.19,14323.31,943336
2024-03-27,NIFTY50,14323.31,14686.61,14286.88,14541.37,1053752
2024-03-28,NIFTY50,14541.37,14636.26,14531.27,14624.01,910047
2024-03-29,NIFTY50,14624.01,14695.8,14622.62,14658.33,989215
2024-04-01,NIFTY50,14658.33,14743.03,14629.3,14713.86,1051127
2024-04-02,NIFTY50,14713.86,14836.78,14465.1,14518.61,849254
2024-04-03,NIFTY50,14518.61,14766.99,14397.53,14685.57,783284
2024-04-04,NIFTY50,14685.57,14758.76,14237.36,14309.38,1027548
2024-04-05,NIFTY50,14309.38,14402.57,14092.33,14222.7,1059315
2024-04-08,NIFTY50,14222.7,14226.62,14049.79,14180.99,1043667
2024-04-09,NIFTY50,14180.99,14297.47,14041.86,14082.42,793634
2024-04-10,NIFTY50,14082.42,14469.53,14017.56,14464.29,1114096
2024-04-11,NIFTY50,14464.29,14468.92,14052.48,14130.71,763087
2024-04-12,NIFTY50,14130.71,14271.36,13734.52,13844.89,1083509
2024-04-15,NIFTY50,13844.89,14150.96,13795.63,14045.47,1177893
2024-04-16,NIFTY50,14045.47,14262.17,14009.35,14153.29,1416233
2024-04-17,NIFTY50,14153.29,14393.52,14103.43,14354.1,1252676
2024-04-18,NIFTY50,14354.1,14384.14,14282.61,14290.81,1162516
2024-04-19,NIFTY50,14290.81,14399.73,14183.03,14244.25,1282765
2024-04-22,NIFTY50,14244.25,14689.16,14119.43,14563.81,1132631
2024-04-23,NIFTY50,14563.81,14670.9,14430.47,14530.62,602446
2024-04-24,NIFTY50,14530.62,14672.68,14480.59,14563.87,776687
2024-04-25,NIFTY50,14563.87,14886.96,14465.11,14783.54,844061
2024-04-26,NIFTY50,14783.54,14896.18,14654.45,14841.66,1044727
2024-04-29,NIFTY50,14841.66,14854.1,14684.78,14786.04,1066288
2024-04-30,NIFTY50,14786.04,14882.46,14345.32,14361.43,1196071
2024-05-01,NIFTY50,14361.43,14463.2,13922.43,14051.77,992821
2024-05-02,NIFTY50,14051.77,14058.92,13858.79,13866.7,1001384
2024-05-03,NIFTY50,13866.7,13900.56,13631.48,13649.12,1308007
2024-05-06,NIFTY50,13649.12,13767.26,13328.56,13359.11,1446878
2024-05-07,NIFTY50,13359.11,13450.25,13275.7,13378.62,844580
2024-05-08,NIFTY50,13378.62,13511.58,12953.28,13024.9,996718
2024-05-09,NIFTY50,13024.9,13264.39,12987.07,13158.66,1039828
2024-05-10,NIFTY50,13158.66,13183.5,12630.01,12716.26,890129
2024-05-13,NIFTY50,12716.26,12766.08,12356.35,12468.22,962986
2024-05-14,NIFTY50,12468.22,12557.93,12386.15,12418.5,1048927
2024-05-15,NIFTY50,12418.5,12698.28,12340.49,12685.57,924592
2024-05-16,NIFTY50,12685.57,13109.17,12665.66,13019.25,829709
2024-05-17,NIFTY50,13019.25,13104.96,12930.52,13102.86,1134324
2024-05-20,NIFTY50,13102.86,13211.42,12939.85,12993.48,833479
2024-05-21,NIFTY50,12993.48,13358.84,12900.34,13335.32,955158
2024-05-22,NIFTY50,13335.32,13492.99,13289.19,13396.68,1110084
2024-05-23,NIFTY50,13396.68,13545.43,13268.44,13494.29,710547
2024-05-24,NIFTY50,13494.29,13785.9,13426.58,13693.25,951184
2024-05-27,NIFTY50,13693.25,13754.68,13588.88,13706.0,1068269
2024-05-28,NIFTY50,13706.0,13915.64,13643.37,13789.45,692702
2024-05-29,NIFTY50,13789.45,13889.82,13707.68,13883.81,968824
2024-05-30,NIFTY50,13883.81,14158.05,13780.38,14123.66,1063810
2024-05-31,NIFTY50,14123.66,14196.97,13987.26,14165.69,1476402
2024-06-03,NIFTY50,14165.69,14551.03,14087.36,14426.85,1271513
2024-06-04,NIFTY50,14426.85,14574.15,14291.44,14506.21,1051564
2024-06-05,NIFTY50,14506.21,14694.05,14448.22,14659.51,933566
2024-06-06,NIFTY50,14659.51,14740.03,14449.99,14521.1,854444
2024-06-07,NIFTY50,14521.1,14798.2,14386.75,14674.74,1183171
2024-06-10,NIFTY50,14674.74,14713.6,14094.97,14230.34,914179
2024-06-11,NIFTY50,14230.34,14307.96,14097.29,14260.09,800396
2024-06-12,NIFTY50,14260.09,14338.25,14093.04,14100.0,1341086
2024-06-13,NIFTY50,14100.0,14224.27,13734.16,13794.74,853954
2024-06-14,NIFTY50,13794.74,13851.95,13691.65,13697.75,865981
2024-06-17,NIFTY50,13697.75,13818.29,13292.53,13405.86,1070107
2024-06-18,NIFTY50,13405.86,13516.78,13277.29,13434.98,1066447
2024-06-19,NIFTY50,13434.98,13868.32,13343.69,13770.52,1156856
2024-06-20,NIFTY50,13770.52,14093.78,13682.28,14072.26,857600
2024-06-21,NIFTY50,14072.26,14127.78,13909.22,14044.97,1004631
2024-06-24,NIFTY50,14044.97,14187.93,13920.36,14116.79,498649
2024-06-25,NIFTY50,14116.79,14485.49,14058.68,14352.88,1078448
2024-06-26,NIFTY50,14352.88,14533.98,14294.61,14416.26,769444
2024-06-27,NIFTY50,14416.26,14474.13,13946.69,13991.8,867837
2024-06-28,NIFTY50,13991.8,14314.46,13985.16,14223.96,1107911
2024-07-01,NIFTY50,14223.96,14649.43,14125.15,14645.95,1170558
2024-07-02,NIFTY50,14645.95,14769.72,14414.37,14438.22,843914
2024-07-03,NIFTY50,14438.22,14627.58,14399.24,14525.68,993389
2024-07-04,NIFTY50,14525.68,15231.22,14431.3,15092.9,1362793
2024-07-05,NIFTY50,15092.9,15133.48,15026.42,15053.43,997276
2024-07-08,NIFTY50,15053.43,15728.11,14924.02,15626.75,1094035
2024-07-09,NIFTY50,15626.75,16045.33,15533.63,15921.26,1301429
2024-07-10,NIFTY50,15921.26,16011.32,15513.24,15537.35,1190678
2024-07-11,NIFTY50,15537.35,15906.59,15448.88,15766.54,903719
2024-07-12,NIFTY50,15766.54,16176.15,15731.14,16088.18,965075
2024-07-15,NIFTY50,16088.18,16241.25,15923.55,16007.21,1073214
2024-07-16,NIFTY50,16007.21,16031.66,15657.46,15798.25,998382
2024-07-17,NIFTY50,15798.25,15893.1,15579.13,15731.36,902472
2024-07-18,NIFTY50,15731.36,15843.09,15583.94,15609.27,978449
2024-07-19,NIFTY50,15609.27,16139.21,15562.59,16088.09,1023463
2024-07-22,NIFTY50,16088.09,16169.02,16005.01,16043.02,660731
2024-07-23,NIFTY50,16043.02,16289.21,15945.83,16157.98,830074
2024-07-24,NIFTY50,16157.98,16602.25,16119.82,16517.78,1257727
2024-07-25,NIFTY50,16517.78,16539.7,16379.37,16399.47,1019495
2024-07-26,NIFTY50,16399.47,16781.72,16270.13,16690.87,930664
2024-07-29,NIFTY50,16690.87,16805.47,16512.01,16648.31,1084403
2024-07-30,NIFTY50,16648.31,16700.74,16153.0,16265.78,934155
2024-07-31,NIFTY50,16265.78,16296.89,15999.26,16141.41,893313
2024-08-01,NIFTY50,16141.41,16397.3,16068.58,16298.36,758966
2024-08-02,NIFTY50,16298.36,16323.94,16016.76,16155.47,855877
2024-08-05,NIFTY50,16155.47,16208.21,15910.99,16032.49,1090749
2024-08-06,NIFTY50,16032.49,16490.46,15908.99,16338.14,914528
2024-08-07,NIFTY50,16338.14,16451.23,16260.54,16265.48,1557072
2024-08-08,NIFTY50,16265.48,16354.7,16256.07,16305.03,778527
2024-08-09,NIFTY50,16305.03,16516.65,16162.23,16458.03,1078817
2024-08-12,NIFTY50,16458.03,16902.24,16373.73,16748.42,636435
2024-08-13,NIFTY50,16748.42,17028.3,16608.95,16910.05,990907
2024-08-14,NIFTY50,16910.05,16979.55,16750.97,16842.57,1071732
2024-08-15,NIFTY50,16842.57,17039.62,16788.37,17024.3,916624
2024-08-16,NIFTY50,17024.3,17252.25,17021.91,17169.78,656359
2024-08-19,NIFTY50,17169.78,17274.95,16957.97,17048.69,1044104
2024-08-20,NIFTY50,17048.69,17117.68,16789.05,16826.39,1115054
2024-08-21,NIFTY50,16826.39,16983.26,16682.69,16892.88,885111
2024-08-22,NIFTY50,16892.88,17104.75,16797.57,17002.35,892512
2024-08-23,NIFTY50,17002.35,17179.4,16891.41,17104.05,1136225
2024-08-26,NIFTY50,17104.05,17113.93,16848.21,16957.98,991720
2024-08-27,NIFTY50,16957.98,17109.84,16699.21,16820.42,803787
2024-08-28,NIFTY50,16820.42,16940.24,16712.2,16841.27,852670
2024-08-29,NIFTY50,16841.27,16993.52,16596.85,16611.34,721913
2024-08-30,NIFTY50,16611.34,16787.12,16475.9,16765.15,730698
2024-09-02,NIFTY50,16765.15,17048.73,16639.15,16991.07,1164196
2024-09-03,NIFTY50,16991.07,17500.46,16946.9,17393.58,757049
2024-09-04,NIFTY50,17393.58,17711.33,17309.7,17616.2,800014
2024-09-05,NIFTY50,17616.2,17731.45,17474.54,17518.4,720004
2024-09-06,NIFTY50,17518.4,17846.13,17461.99,17827.05,996408
2024-09-09,NIFTY50,17827.05,18133.45,17653.02,18089.73,1242931
2024-09-10,NIFTY50,18089.73,18143.44,17746.87,17840.56,1398174
2024-09-11,NIFTY50,17840.56,18173.51,17679.01,18047.16,768808
2024-09-12,NIFTY50,18047.16,18350.54,17916.06,18206.99,765717
2024-09-13,NIFTY50,18206.99,18281.35,18072.56,18118.23,996267
2024-09-16,NIFTY50,18118.23,18571.99,18093.32,18412.68,1170847
2024-09-17,NIFTY50,18412.68,18518.06,18129.47,18245.75,1124200
2024-09-18,NIFTY50,18245.75,18413.22,18135.4,18226.66,911838
2024-09-19,NIFTY50,18226.66,18452.99,18203.69,18432.14,1130408
2024-09-20,NIFTY50,18432.14,18650.99,18364.92,18635.45,938779
2024-09-23,NIFTY50,18635.45,18783.31,18523.9,18740.57,1149153
2024-09-24,NIFTY50,18740.57,18883.8,17868.11,17972.72,1063579
2024-09-25,NIFTY50,17972.72,18019.57,17517.84,17681.41,740823
2024-09-26,NIFTY50,17681.41,17806.2,17628.93,17687.74,962702
2024-09-27,NIFTY50,17687.74,17806.3,17414.55,17453.77,1130427
2024-09-30,NIFTY50,17453.77,17487.32,17187.24,17311.51,1162324
2024-10-01,NIFTY50,17311.51,17367.39,16846.12,16913.88,645712
2024-10-02,NIFTY50,16913.88,16966.46,16752.95,16860.88,936900
2024-10-03,NIFTY50,16860.88,16942.21,16739.29,16857.46,894219
2024-10-04,NIFTY50,16857.46,17020.93,16236.66,16352.94,1153209
2024-10-07,NIFTY50,16352.94,16471.0,16234.87,16349.16,1155550
2024-10-08,NIFTY50,16349.16,16473.93,16203.76,16206.81,1193553
2024-10-09,NIFTY50,16206.81,16336.74,16103.07,16175.94,1113776
2024-10-10,NIFTY50,16175.94,16579.23,16145.55,16497.27,923505
2024-10-11,NIFTY50,16497.27,16681.76,16485.42,16557.93,925382
2024-10-14,NIFTY50,16557.93,16566.73,16275.05,16370.39,933862
2024-10-15,NIFTY50,16370.39,16511.07,16362.74,16491.51,938132
2024-10-16,NIFTY50,16491.51,16600.52,16349.84,16407.64,780868
2024-10-17,NIFTY50,16407.64,16426.34,16287.58,16293.76,983957
2024-10-18,NIFTY50,16293.76,16432.67,16150.32,16429.55,922812
2024-10-21,NIFTY50,16429.55,16549.64,16267.36,16326.19,1083523
2024-10-22,NIFTY50,16326.19,16405.79,16179.75,16350.26,764183
2024-10-23,NIFTY50,16350.26,16524.32,16198.44,16507.77,902085
2024-10-24,NIFTY50,16507.77,16541.65,16208.27,16275.65,1144651
2024-10-25,NIFTY50,16275.65,16559.45,16118.89,16455.33,1111447
2024-10-28,NIFTY50,16455.33,16610.84,15753.4,15786.63,1399252
2024-10-29,NIFTY50,15786.63,15897.17,15411.34,15534.2,1074056
2024-10-30,NIFTY50,15534.2,15610.15,15531.32,15573.78,1025929
2024-10-31,NIFTY50,15573.78,15635.25,15435.75,15483.7,1160986
2024-11-01,NIFTY50,15483.7,15703.93,15365.75,15579.43,981129
2024-11-04,NIFTY50,15579.43,15637.05,15402.39,15508.88,834024
2024-11-05,NIFTY50,15508.88,15645.65,15446.02,15600.4,1268582
2024-11-06,NIFTY50,15600.4,15675.1,15225.01,15308.25,1052584
2024-11-07,NIFTY50,15308.25,15557.4,15299.96,15405.07,859952
2024-11-08,NIFTY50,15405.07,15787.89,15304.95,15663.82,1027825
2024-11-11,NIFTY50,15663.82,15703.17,15448.57,15536.95,1285698
2024-11-12,NIFTY50,15536.95,15835.84,15437.66,15826.54,653028
2024-11-13,NIFTY50,15826.54,15976.9,15792.96,15812.08,860173
2024-11-14,NIFTY50,15812.08,15817.96,15723.99,15796.54,584541
2024-11-15,NIFTY50,15796.54,15865.36,15335.2,15354.94,1104169
2024-11-18,NIFTY50,15354.94,15719.57,15275.78,15665.18,942170
2024-11-19,NIFTY50,15665.18,15825.67,15567.23,15749.3,1142838
2024-11-20,NIFTY50,15749.3,15862.8,15704.05,15764.69,913676
2024-11-21,NIFTY50,15764.69,15800.85,15404.01,15427.0,1396289
2024-11-22,NIFTY50,15427.0,15559.17,15010.78,15035.54,1293715
2024-11-25,NIFTY50,15035.54,15046.06,14812.31,14902.17,1221454
2024-11-26,NIFTY50,14902.17,14981.54,14452.28,14467.6,856673
2024-11-27,NIFTY50,14467.6,14561.66,14430.73,14455.26,1014602
2024-11-28,NIFTY50,14455.26,14713.85,14374.23,14618.24,1086319
2024-11-29,NIFTY50,14618.24,14721.02,14145.48,14287.04,872672
2024-12-02,NIFTY50,14287.04,14589.79,14255.35,14487.05,1174246
2024-12-03,NIFTY50,14487.05,14714.63,14421.09,14688.58,911219
2024-12-04,NIFTY50,14688.58,14886.5,14557.25,14784.17,960001
2024-12-05,NIFTY50,14784.17,15276.59,14766.48,15145.58,1075630
2024-12-06,NIFTY50,15145.58,15154.44,14944.68,15036.75,1047300
2024-12-09,NIFTY50,15036.75,15068.24,14756.88,14844.17,760871
2024-12-10,NIFTY50,14844.17,14945.02,14492.39,14508.94,1204413
2024-12-11,NIFTY50,14508.94,14711.78,14479.78,14661.94,1368447
2024-12-12,NIFTY50,14661.94,14795.8,14624.62,14692.58,1212583
2024-12-13,NIFTY50,14692.58,15322.21,14604.58,15255.01,1208141
2024-12-16,NIFTY50,15255.01,15410.65,15155.96,15335.76,772056
2024-12-17,NIFTY50,15335.76,15386.71,14967.85,15066.63,919188
2024-12-18,NIFTY50,15066.63,15366.45,14978.21,15315.65,1040859
2024-12-19,NIFTY50,15315.65,15870.22,15198.61,15755.2,848522
2024-12-20,NIFTY50,15755.2,15912.33,15288.42,15384.41,843652
2024-12-23,NIFTY50,15384.41,15686.64,15286.21,15678.61,738152
2024-12-24,NIFTY50,15678.61,15718.94,15510.71,15653.8,1132437
2024-12-25,NIFTY50,15653.8,15793.86,15138.32,15205.41,1024541
2024-12-26,NIFTY50,15205.41,15345.84,15064.44,15224.29,1309754
2024-12-27,NIFTY50,15224.29,15790.65,15158.59,15658.26,1050557
2024-12-30,NIFTY50,15658.26,16204.91,15591.53,16050.23,1035659
2024-12-31,NIFTY50,16050.23,16201.88,15937.2,16024.55,811532
2025-01-01,NIFTY50,16024.55,16382.64,15981.36,16229.91,1097419
2025-01-02,NIFTY50,16229.91,16325.82,16152.0,16183.41,854455
2025-01-03,NIFTY50,16183.41,16367.64,16114.88,16328.5,1308411
2025-01-06,NIFTY50,16328.5,16339.74,16222.72,16291.76,834931
2025-01-07,NIFTY50,16291.76,16417.98,15659.68,15739.55,1132753
2025-01-08,NIFTY50,15739.55,15863.93,15351.46,15398.08,1022989
2025-01-09,NIFTY50,15398.08,15495.14,15280.33,15429.83,965254
2025-01-10,NIFTY50,15429.83,15517.65,14875.14,15014.45,1013201
2025-01-13,NIFTY50,15014.45,15223.01,14957.97,15214.6,732623
2025-01-14,NIFTY50,15214.6,15314.54,14934.18,15014.17,832325
2025-01-15,NIFTY50,15014.17,15016.74,14761.04,14791.76,1163134
2025-01-16,NIFTY50,14791.76,14824.88,14585.98,14708.22,1024685
2025-01-17,NIFTY50,14708.22,15036.47,14632.77,14890.07,962254
2025-01-20,NIFTY50,14890.07,14961.45,14845.11,14953.18,1128693
2025-01-21,NIFTY50,14953.18,15253.0,14838.94,15169.32,1023190
2025-01-22,NIFTY50,15169.32,15215.72,15065.72,15208.47,1667194
2025-01-23,NIFTY50,15208.47,15489.63,15100.24,15392.4,1242435
2025-01-24,NIFTY50,15392.4,15486.3,15250.17,15376.49,1294212
2025-01-27,NIFTY50,15376.49,15693.16,15240.05,15569.75,1010396
2025-01-28,NIFTY50,15569.75,15713.53,15450.76,15663.06,933227
2025-01-29,NIFTY50,15663.06,16058.54,15627.57,15919.93,1375611
2025-01-30,NIFTY50,15919.93,15975.75,15676.04,15788.26,655845
2025-01-31,NIFTY50,15788.26,15875.2,15684.37,15845.72,638717
2025-02-03,NIFTY50,15845.72,16039.84,15697.55,15970.56,1095498
2025-02-04,NIFTY50,15970.56,16034.5,15642.73,15739.21,1196401
2025-02-05,NIFTY50,15739.21,15798.4,15307.7,15423.18,1423057
2025-02-06,NIFTY50,15423.18,15776.24,15400.92,15645.61,1159167
2025-02-07,NIFTY50,15645.61,15775.8,15237.82,15332.95,919558
2025-02-10,NIFTY50,15332.95,15607.28,15239.0,15488.06,1354936
2025-02-11,NIFTY50,15488.06,15496.33,15297.76,15409.77,656801
2025-02-12,NIFTY50,15409.77,15516.14,15267.62,15491.82,1282484
2025-02-13,NIFTY50,15491.82,16063.2,15353.12,15913.41,978301
2025-02-14,NIFTY50,15913.41,16002.84,15797.93,15994.95,941570
2025-02-17,NIFTY50,15994.95,16082.8,15842.75,15882.46,974910
2025-02-18,NIFTY50,15882.46,15980.67,15833.04,15949.06,855300
2025-02-19,NIFTY50,15949.06,16434.24,15830.46,16349.11,1028382
2025-02-20,NIFTY50,16349.11,16394.64,16034.06,16176.56,1012125
2025-02-21,NIFTY50,16176.56,16284.73,15986.61,16035.68,1344049
2025-02-24,NIFTY50,16035.68,16213.48,15941.0,16088.39,1304466
2025-02-25,NIFTY50,16088.39,16356.9,15941.44,16207.77,1307406
2025-02-26,NIFTY50,16207.77,16306.83,15709.52,15844.36,680551
2025-02-27,NIFTY50,15844.36,16165.76,15784.06,16079.61,470830
2025-02-28,NIFTY50,16079.61,16341.71,15923.1,16230.26,1180555
2025-03-03,NIFTY50,16230.26,16382.61,15951.39,15985.86,1022577
2025-03-04,NIFTY50,15985.86,16486.85,15911.56,16426.86,956031
2025-03-05,NIFTY50,16426.86,16546.5,16268.84,16456.53,891171
2025-03-06,NIFTY50,16456.53,16990.5,16426.79,16862.92,867716
2025-03-07,NIFTY50,16862.92,17037.0,16758.46,16996.68,976626
2025-03-10,NIFTY50,16996.68,17081.32,16658.66,16726.65,923460
2025-03-11,NIFTY50,16726.65,16875.73,16360.06,16452.72,1038955
2025-03-12,NIFTY50,16452.72,16709.24,16442.36,16677.21,960284
2025-03-13,NIFTY50,16677.21,17113.25,16573.73,16954.84,1260767
2025-03-14,NIFTY50,16954.84,17075.02,16865.61,17034.22,1008419
2025-03-17,NIFTY50,17034.22,17200.28,16980.9,17198.31,748627
2025-03-18,NIFTY50,17198.31,17323.56,16795.12,16891.16,1088363
2025-03-19,NIFTY50,16891.16,17119.78,16744.04,16982.0,1137755
2025-03-20,NIFTY50,16982.0,17061.96,16892.11,16936.66,989711
2025-03-21,NIFTY50,16936.66,16983.63,16875.62,16891.01,835542
2025-03-24,NIFTY50,16891.01,16959.22,16739.73,16814.24,988954
2025-03-25,NIFTY50,16814.24,17141.37,16768.19,17086.15,1129388
2025-03-26,NIFTY50,17086.15,17292.94,16941.63,17282.36,1089595
2025-03-27,NIFTY50,17282.36,17415.9,17119.73,17332.14,986872
2025-03-28,NIFTY50,17332.14,17379.35,17121.75,17219.97,1139714
2025-03-31,NIFTY50,17219.97,17465.75,17082.98,17310.74,719048
2025-04-01,NIFTY50,17310.74,17372.35,16716.34,16831.97,1165983
2025-04-02,NIFTY50,16831.97,16970.0,16216.21,16357.4,1430354
2025-04-03,NIFTY50,16357.4,16380.51,16105.24,16209.7,975090
2025-04-04,NIFTY50,16209.7,16558.46,16088.31,16445.2,938351
2025-04-07,NIFTY50,16445.2,16469.97,15958.43,16116.04,1143248
2025-04-08,NIFTY50,16116.04,16476.0,16058.61,16438.91,1252262
2025-04-09,NIFTY50,16438.91,16560.93,16080.65,16214.33,1103637
2025-04-10,NIFTY50,16214.33,16723.58,16148.28,16643.81,992843
2025-04-11,NIFTY50,16643.81,16709.48,16439.67,16512.65,995969
2025-04-14,NIFTY50,16512.65,16604.39,16341.44,16395.12,862538
2025-04-15,NIFTY50,16395.12,16405.77,16365.32,16394.94,1042680
2025-04-16,NIFTY50,16394.94,16447.15,16084.65,16106.78,1081832
2025-04-17,NIFTY50,16106.78,16182.54,15895.75,16014.54,951894
2025-04-18,NIFTY50,16014.54,16129.86,15697.6,15813.47,941871
2025-04-21,NIFTY50,15813.47,15938.26,15765.76,15905.18,879885
2025-04-22,NIFTY50,15905.18,16016.46,15607.93,15759.98,800174
2025-04-23,NIFTY50,15759.98,15819.34,15628.08,15747.58,1022841
2025-04-24,NIFTY50,15747.58,15887.11,15649.89,15870.73,852917
2025-04-25,NIFTY50,15870.73,16078.24,15780.79,16021.31,936969
2025-04-28,NIFTY50,16021.31,16128.38,16007.57,16092.86,686288
2025-04-29,NIFTY50,16092.86,16234.55,16021.62,16110.09,985501
2025-04-30,NIFTY50,16110.09,16195.04,16101.75,16188.25,737043
2025-05-01,NIFTY50,16188.25,16192.9,16061.18,16070.56,937304
2025-05-02,NIFTY50,16070.56,16206.74,15926.84,15967.08,930267
2025-05-05,NIFTY50,15967.08,16019.48,15667.13,15766.11,1269450
2025-05-06,NIFTY50,15766.11,16330.46,15749.63,16206.27,1196958
2025-05-07,NIFTY50,16206.27,16338.56,15978.46,15992.57,1089218
2025-05-08,NIFTY50,15992.57,16053.18,15786.35,15828.08,1232602
2025-05-09,NIFTY50,15828.08,15922.21,15228.79,15377.53,1158824
2025-05-12,NIFTY50,15377.53,15552.14,15256.97,15410.23,1241632
2025-05-13,NIFTY50,15410.23,15475.79,15164.26,15247.64,995568
2025-05-14,NIFTY50,15247.64,15254.25,14879.34,14903.65,748651
2025-05-15,NIFTY50,14903.65,15210.72,14876.43,15067.05,1271133
2025-05-16,NIFTY50,15067.05,15096.75,14869.47,14982.85,1200385
2025-05-19,NIFTY50,14982.85,15181.86,14953.39,15045.92,923268
2025-05-20,NIFTY50,15045.92,15504.43,14995.73,15462.61,581459
2025-05-21,NIFTY50,15462.61,15526.11,15216.44,15302.69,1087736
2025-05-22,NIFTY50,15302.69,15400.35,15171.5,15389.61,982813
2025-05-23,NIFTY50,15389.61,15811.77,15283.73,15703.4,870201
2025-05-26,NIFTY50,15703.4,15789.49,15597.68,15636.81,1004570
2025-05-27,NIFTY50,15636.81,15799.18,15526.02,15744.6,850510
2025-05-28,NIFTY50,15744.6,15835.47,15565.37,15649.42,920041
2025-05-29,NIFTY50,15649.42,15710.44,15412.27,15459.7,905681
2025-05-30,NIFTY50,15459.7,15634.35,15436.43,15592.55,1323422
2025-06-02,NIFTY50,15592.55,15903.07,15491.59,15867.43,1051598
2025-06-03,NIFTY50,15867.43,15916.83,15729.47,15894.98,804355
2025-06-04,NIFTY50,15894.98,15965.77,15843.31,15885.38,1138005
2025-06-05,NIFTY50,15885.38,15969.67,15787.95,15878.22,1150137
2025-06-06,NIFTY50,15878.22,16083.11,15797.92,16015.34,981514
2025-06-09,NIFTY50,16015.34,16139.79,16004.31,16035.06,1207156
2025-06-10,NIFTY50,16035.06,16086.69,15491.89,15592.76,997187
2025-06-11,NIFTY50,15592.76,15718.38,15406.53,15534.95,1052684
2025-06-12,NIFTY50,15534.95,15641.5,15072.37,15181.18,1120582
2025-06-13,NIFTY50,15181.18,15206.93,14736.6,14882.36,924371
2025-06-16,NIFTY50,14882.36,15094.05,14769.27,14995.61,719259
2025-06-17,NIFTY50,14995.61,15133.11,14813.89,14863.83,1006779
2025-06-18,NIFTY50,14863.83,14942.71,14752.08,14936.02,897445
2025-06-19,NIFTY50,14936.02,15056.05,14529.56,14621.96,681612
2025-06-20,NIFTY50,14621.96,14752.95,14529.42,14588.53,1016639
2025-06-23,NIFTY50,14588.53,14951.23,14461.67,14871.5,984604
2025-06-24,NIFTY50,14871.5,15010.45,14631.68,14644.29,1006601
2025-06-25,NIFTY50,14644.29,14789.61,14629.14,14720.64,864428
2025-06-26,NIFTY50,14720.64,14794.38,14429.7,14536.84,1380588
2025-06-27,NIFTY50,14536.84,14958.72,14513.28,14849.25,894087
2025-06-30,NIFTY50,14849.25,14923.95,14638.28,14639.86,1116322
2025-07-01,NIFTY50,14639.86,14732.77,14557.01,14690.4,1053947
2025-07-02,NIFTY50,14690.4,14745.84,14519.55,14574.85,886482
2025-07-03,NIFTY50,14574.85,14687.54,14558.67,14612.53,678017
2025-07-04,NIFTY50,14612.53,15044.53,14538.18,14926.19,839307
2025-07-07,NIFTY50,14926.19,15349.08,14888.78,15278.4,1030611
2025-07-08,NIFTY50,15278.4,15355.43,15012.11,15047.94,1265692
2025-07-09,NIFTY50,15047.94,15164.83,14598.43,14744.01,882218
2025-07-10,NIFTY50,14744.01,14843.71,14522.43,14652.68,771086
2025-07-11,NIFTY50,14652.68,15035.85,14521.79,14896.92,1167553
2025-07-14,NIFTY50,14896.92,14940.65,14754.81,14886.5,1086875
2025-07-15,NIFTY50,14886.5,15064.5,14832.2,15017.78,1053530
2025-07-16,NIFTY50,15017.78,15027.53,14732.15,14858.31,890258
2025-07-17,NIFTY50,14858.31,15360.21,14792.34,15299.15,998818
2025-07-18,NIFTY50,15299.15,15598.72,15270.02,15543.13,1068699
2025-07-21,NIFTY50,15543.13,15914.95,15462.12,15870.57,1147603
2025-07-22,NIFTY50,15870.57,15921.55,15751.61,15804.08,672981
2025-07-23,NIFTY50,15804.08,15959.31,15768.13,15769.75,804859
2025-07-24,NIFTY50,15769.75,15900.85,15284.37,15381.38,1029421
2025-07-25,NIFTY50,15381.38,15499.74,14880.23,14977.45,1046424
2025-07-28,NIFTY50,14977.45,15019.48,14894.45,14969.39,1273174
2025-07-29,NIFTY50,14969.39,15266.48,14862.8,15117.82,977639
2025-07-30,NIFTY50,15117.82,15138.68,15102.39,15109.8,1066701
2025-07-31,NIFTY50,15109.8,15177.75,14603.74,14706.93,961809
2025-08-01,NIFTY50,14706.93,14928.81,14605.32,14835.09,913260
2025-08-04,NIFTY50,14835.09,15163.36,14747.25,15073.25,735289
2025-08-05,NIFTY50,15073.25,15078.54,14784.23,14832.49,788064
2025-08-06,NIFTY50,14832.49,14915.56,14452.13,14591.91,746921
2025-08-07,NIFTY50,14591.91,14670.74,14380.93,14482.26,1132994
2025-08-08,NIFTY50,14482.26,14492.86,14024.95,14130.19,1120033
2025-08-11,NIFTY50,14130.19,14261.02,13820.45,13837.78,934492
2025-08-12,NIFTY50,13837.78,14086.75,13752.69,13988.46,832482
2025-08-13,NIFTY50,13988.46,14103.66,13754.46,13863.77,1172014
2025-08-14,NIFTY50,13863.77,14056.6,13784.49,13970.59,919797
2025-08-15,NIFTY50,13970.59,14162.43,13880.21,14113.09,1089091
2025-08-18,NIFTY50,14113.09,14243.79,14106.24,14112.73,1079207
2025-08-19,NIFTY50,14112.73,14249.73,14089.52,14232.63,1013963
2025-08-20,NIFTY50,14232.63,14362.06,14123.71,14280.33,951923
2025-08-21,NIFTY50,14280.33,14294.5,14024.25,14119.47,903122
2025-08-22,NIFTY50,14119.47,14337.47,14043.15,14263.99,1167527
2025-08-25,NIFTY50,14263.99,14369.89,13970.72,14089.3,1195640
2025-08-26,NIFTY50,14089.3,14101.8,13928.63,13969.25,1087021
2025-08-27,NIFTY50,13969.25,14027.57,13903.54,13923.86,1213298
2025-08-28,NIFTY50,13923.86,14134.13,13826.97,14058.49,964184
2025-08-29,NIFTY50,14058.49,14136.63,14057.93,14091.41,1100596
2025-09-01,NIFTY50,14091.41,14281.01,14063.52,14216.95,1010578
2025-09-02,NIFTY50,14216.95,14307.31,13755.54,13878.31,1363014
2025-09-03,NIFTY50,13878.31,14010.12,13693.57,13799.07,1114595
2025-09-04,NIFTY50,13799.07,14078.43,13726.2,13977.33,791642
2025-09-05,NIFTY50,13977.33,14084.21,13936.18,14022.22,1017607
2025-09-08,NIFTY50,14022.22,14079.75,13864.85,13869.62,838398
2025-09-09,NIFTY50,13869.62,14059.38,13837.8,13944.37,1018596
2025-09-10,NIFTY50,13944.37,14220.98,13938.94,14135.67,1392363
2025-09-11,NIFTY50,14135.67,14359.86,14090.47,14251.18,1261276
2025-09-12,NIFTY50,14251.18,14362.3,13903.92,14018.04,1058210
2025-09-15,NIFTY50,14018.04,14079.29,13966.29,14074.59,864772
2025-09-16,NIFTY50,14074.59,14334.07,13972.08,14231.4,752895
2025-09-17,NIFTY50,14231.4,14345.79,13773.19,13784.66,973125
2025-09-18,NIFTY50,13784.66,13984.81,13767.16,13970.8,815028
2025-09-19,NIFTY50,13970.8,14107.18,13534.23,13647.91,1054925
2025-09-22,NIFTY50,13647.91,13802.3,13558.56,13666.24,519232
2025-09-23,NIFTY50,13666.24,13787.54,13592.18,13609.66,991650
2025-09-24,NIFTY50,13609.66,13856.22,13489.94,13783.66,503416
2025-09-25,NIFTY50,13783.66,14075.07,13748.34,13986.52,1217893
2025-09-26,NIFTY50,13986.52,14005.27,13705.8,13827.61,914801
2025-09-29,NIFTY50,13827.61,14279.06,13711.36,14146.43,671536
2025-09-30,NIFTY50,14146.43,14437.87,14119.61,14295.01,882545
2025-10-01,NIFTY50,14295.01,14333.7,14129.71,14192.16,1092440
2025-10-02,NIFTY50,14192.16,14327.33,14156.8,14180.63,1179642
2025-10-03,NIFTY50,14180.63,14322.04,14043.94,14206.79,957026
2025-10-06,NIFTY50,14206.79,14251.81,13801.21,13807.51,1015090
2025-10-07,NIFTY50,13807.51,14220.88,13699.85,14170.74,755275
2025-10-08,NIFTY50,14170.74,14304.33,14026.37,14148.59,1037613
2025-10-09,NIFTY50,14148.59,14191.14,13927.51,13972.12,1015473
2025-10-10,NIFTY50,13972.12,14285.91,13845.17,14207.98,1203559
2025-10-13,NIFTY50,14207.98,14690.44,14102.28,14588.17,970139
2025-10-14,NIFTY50,14588.17,14740.22,14518.88,14726.38,1208357
2025-10-15,NIFTY50,14726.38,14977.23,14622.98,14837.76,940960
2025-10-16,NIFTY50,14837.76,14990.64,14804.14,14908.47,939759
2025-10-17,NIFTY50,14908.47,15041.82,14702.31,14713.67,1040125
2025-10-20,NIFTY50,14713.67,14718.44,14502.58,14556.82,1208041
2025-10-21,NIFTY50,14556.82,14716.95,14453.97,14633.38,1216953
2025-10-22,NIFTY50,14633.38,14824.4,14573.62,14745.05,732409
2025-10-23,NIFTY50,14745.05,14753.4,14558.45,14646.88,885316
2025-10-24,NIFTY50,14646.88,14778.53,14474.64,14620.03,1060322
2025-10-27,NIFTY50,14620.03,14718.93,14579.92,14623.55,847075
2025-10-28,NIFTY50,14623.55,14862.38,14600.01,14726.65,894732
2025-10-29,NIFTY50,14726.65,14962.78,14723.33,14870.82,1227430
2025-10-30,NIFTY50,14870.82,15162.15,14806.2,15123.76,1204677
2025-10-31,NIFTY50,15123.76,15214.44,15086.76,15195.16,1175622
2025-11-03,NIFTY50,15195.16,15438.51,15098.84,15366.05,1117170
2025-11-04,NIFTY50,15366.05,15394.12,15067.63,15123.99,1010094
2025-11-05,NIFTY50,15123.99,15238.06,15042.87,15177.06,1100741
2025-11-06,NIFTY50,15177.06,15301.72,14782.02,14821.35,744750
2025-11-07,NIFTY50,14821.35,14886.01,14686.93,14848.7,1248167
2025-11-10,NIFTY50,14848.7,14899.62,14768.84,14837.37,911508
2025-11-11,NIFTY50,14837.37,15008.53,14745.94,14945.01,1159443
2025-11-12,NIFTY50,14945.01,15043.12,14784.0,14868.79,1142675
2025-11-13,NIFTY50,14868.79,14905.02,14789.1,14819.82,1054081
2025-11-14,NIFTY50,14819.82,15167.79,14730.69,15077.83,630820
2025-11-17,NIFTY50,15077.83,15100.26,15002.09,15019.66,995555
2025-11-18,NIFTY50,15019.66,15023.06,14473.12,14504.41,863802
2025-11-19,NIFTY50,14504.41,14791.16,14495.82,14750.06,837999
2025-11-20,NIFTY50,14750.06,14853.15,14500.56,14551.54,725593
2025-11-21,NIFTY50,14551.54,14633.92,13904.19,13987.04,1086488
2025-11-24,NIFTY50,13987.04,14094.09,13615.94,13707.46,974660
2025-11-25,NIFTY50,13707.46,13890.56,13682.7,13769.39,907317
2025-11-26,NIFTY50,13769.39,13941.14,13705.03,13890.44,769491
2025-11-27,NIFTY50,13890.44,13983.87,13779.35,13824.76,822698
2025-11-28,NIFTY50,13824.76,13828.7,13270.15,13399.12,1342754
2025-12-01,NIFTY50,13399.12,13546.43,13377.06,13497.39,1316430
2025-12-02,NIFTY50,13497.39,13598.6,13168.6,13290.39,935569
2025-12-03,NIFTY50,13290.39,13735.78,13254.62,13713.03,1119717
2025-12-04,NIFTY50,13713.03,13858.04,13667.75,13746.68,878034
2025-12-05,NIFTY50,13746.68,13795.47,13644.7,13661.74,1476840
2025-12-08,NIFTY50,13661.74,13845.95,13595.64,13840.74,833434
2025-12-09,NIFTY50,13840.74,13877.88,13714.35,13776.66,960895
2025-12-10,NIFTY50,13776.66,13854.21,13317.96,13408.82,634265
2025-12-11,NIFTY50,13408.82,13760.96,13397.74,13720.65,923495
2025-12-12,NIFTY50,13720.65,13752.43,13635.53,13741.12,1012552
2025-12-15,NIFTY50,13741.12,14245.59,13738.75,14115.41,1240065
2025-12-16,NIFTY50,14115.41,14428.56,14111.8,14300.33,966784
2025-12-17,NIFTY50,14300.33,14472.1,14163.29,14434.56,1111832
2025-12-18,NIFTY50,14434.56,14541.93,14386.23,14401.58,998859
2025-12-19,NIFTY50,14401.58,14781.47,14346.13,14777.3,1170046
2025-12-22,NIFTY50,14777.3,15172.34,14746.35,15151.64,893006
2025-12-23,NIFTY50,15151.64,15330.37,15142.97,15191.04,814535
2025-12-24,NIFTY50,15191.04,15331.37,15143.71,15285.66,973313
2025-12-25,NIFTY50,15285.66,16022.34,15166.4,15991.54,1020596
2025-12-26,NIFTY50,15991.54,16144.4,15789.89,15831.05,1068328
2025-12-29,NIFTY50,15831.05,15920.51,15689.9,15804.14,1200291
2025-12-30,NIFTY50,15804.14,16099.19,15712.7,16095.09,850473
2025-12-31,NIFTY50,16095.09,16276.19,15960.48,16165.26,1184701
2026-01-01,NIFTY50,16165.26,16379.12,16090.72,16284.55,1103790
2026-01-02,NIFTY50,16284.55,16295.06,15975.9,16132.75,802777
2026-01-05,NIFTY50,16132.75,16301.14,16033.72,16167.53,1293780
2026-01-06,NIFTY50,16167.53,16226.45,15862.78,15967.34,691187
2026-01-07,NIFTY50,15967.34,16146.56,15832.62,16021.41,726145
2026-01-08,NIFTY50,16021.41,16023.92,15864.39,15993.8,858144
2026-01-09,NIFTY50,15993.8,16108.35,15951.34,16097.28,804867
2026-01-12,NIFTY50,16097.28,16310.48,15987.89,16226.87,1346998
2026-01-13,NIFTY50,16226.87,16364.5,15880.74,16040.28,952709
2026-01-14,NIFTY50,16040.28,16543.52,15951.93,16494.43,1187685
2026-01-15,NIFTY50,16494.43,16553.91,16094.09,16210.63,1068431
2026-01-16,NIFTY50,16210.63,16384.91,16056.73,16271.79,1641538
2026-01-19,NIFTY50,16271.79,16366.0,16229.62,16262.66,1120597
2026-01-20,NIFTY50,16262.66,16413.82,16112.93,16123.3,976817
2026-01-21,NIFTY50,16123.3,16134.81,15822.85,15940.81,1036218
2026-01-22,NIFTY50,15940.81,16199.08,15891.3,16149.0,1030432
2026-01-23,NIFTY50,16149.0,16421.49,16052.33,16369.17,853722
2026-01-26,NIFTY50,16369.17,16456.3,16077.58,16079.63,1128257
2026-01-27,NIFTY50,16079.63,16162.51,15795.3,15879.27,853078
2026-01-28,NIFTY50,15879.27,15971.22,15707.02,15766.87,911148
2026-01-29,NIFTY50,15766.87,16254.01,15664.91,16136.11,851775
2026-01-30,NIFTY50,16136.11,16179.31,15957.76,16058.7,1001066
2026-02-02,NIFTY50,16058.7,16591.28,16055.7,16434.5,1143041
2026-02-03,NIFTY50,16434.5,16779.98,16367.85,16735.11,1037910
2026-02-04,NIFTY50,16735.11,16746.5,16564.78,16696.0,1090914
2026-02-05,NIFTY50,16696.0,16784.08,16173.15,16251.75,1266305
2026-02-06,NIFTY50,16251.75,16473.38,16161.48,16380.37,960985
2026-02-09,NIFTY50,16380.37,16526.05,16234.91,16436.59,986866
2026-02-10,NIFTY50,16436.59,16625.53,16424.54,16503.55,943446
2026-02-11,NIFTY50,16503.55,16518.54,16331.39,16437.4,1053419
2026-02-12,NIFTY50,16437.4,17116.6,16299.34,17074.31,1204905
2026-02-13,NIFTY50,17074.31,17241.14,16808.56,16819.1,833026
2026-02-16,NIFTY50,16819.1,17329.73,16702.49,17295.11,742852
2026-02-17,NIFTY50,17295.11,17351.5,17024.8,17084.27,825180
2026-02-18,NIFTY50,17084.27,17586.92,16977.95,17502.21,1008188
